id,date,year,month,day,avg_temp,max_temp,min_temp,humidity,precipitation
1,2025-01-01,2025,1,1,24.0,27.0,21.8,86.0,2.5
2,2025-01-02,2025,1,2,24.2,29.2,21.4,88.0,2.39
3,2025-01-03,2025,1,3,25.7,34.3,19.7,76.0,0.0
4,2025-01-04,2025,1,4,24.0,30.0,21.0,78.0,0.6
5,2025-01-05,2025,1,5,23.0,27.5,19.4,74.0,0.4
6,2025-01-06,2025,1,6,22.6,25.9,19.9,76.0,1.5
7,2025-01-07,2025,1,7,22.7,26.0,20.4,76.0,2.2
8,2025-01-08,2025,1,8,22.3,23.9,20.8,81.0,18.9
9,2025-01-09,2025,1,9,22.4,25.2,20.2,80.0,5.6
10,2025-01-10,2025,1,10,22.6,25.3,20.2,76.0,0.5
11,2025-01-11,2025,1,11,21.9,23.9,19.8,75.0,3.2
12,2025-01-12,2025,1,12,21.9,25.0,19.7,77.0,0.1
13,2025-01-13,2025,1,13,22.1,25.7,18.8,74.0,2.3
14,2025-01-14,2025,1,14,22.7,26.1,19.4,74.0,1.0
15,2025-01-15,2025,1,15,23.4,27.0,19.8,75.0,2.1
16,2025-01-16,2025,1,16,24.0,26.2,22.2,90.0,14.0
17,2025-01-17,2025,1,17,25.2,29.1,23.0,88.0,16.8
18,2025-01-18,2025,1,18,26.7,33.0,22.7,82.0,7.32
19,2025-01-19,2025,1,19,25.2,28.7,22.3,89.0,8.2
20,2025-01-20,2025,1,20,26.2,31.1,22.9,85.0,16.7
21,2025-01-21,2025,1,21,26.1,31.9,22.0,78.0,1.2
22,2025-01-22,2025,1,22,26.0,30.7,22.4,79.0,0.0
23,2025-01-23,2025,1,23,25.8,30.6,22.4,83.0,5.7
24,2025-01-24,2025,1,24,25.5,28.5,23.3,85.0,14.5
25,2025-01-25,2025,1,25,24.8,30.2,21.3,85.0,30.53
26,2025-01-26,2025,1,26,25.2,28.6,22.6,85.0,5.9
27,2025-01-27,2025,1,27,25.0,28.9,20.9,80.0,1.0
28,2025-01-28,2025,1,28,24.9,28.6,21.0,79.0,1.4
29,2025-01-29,2025,1,29,24.7,28.2,22.6,82.0,9.8
30,2025-01-30,2025,1,30,24.3,28.0,21.6,83.0,4.37
31,2025-01-31,2025,1,31,24.4,29.0,21.1,83.0,3.7
32,2025-02-01,2025,2,1,24.4,27.8,22.5,88.0,8.8
33,2025-02-02,2025,2,2,24.7,28.1,22.4,88.0,18.9
34,2025-02-03,2025,2,3,25.5,29.4,22.7,84.0,9.6
35,2025-02-04,2025,2,4,26.1,31.7,22.7,83.0,2.7
36,2025-02-05,2025,2,5,26.7,32.7,22.0,80.0,3.0
37,2025-02-06,2025,2,6,26.2,31.4,23.4,84.0,4.2
38,2025-02-07,2025,2,7,25.6,29.0,22.5,83.0,3.4
39,2025-02-08,2025,2,8,24.6,28.0,21.8,77.0,1.7
40,2025-02-09,2025,2,9,24.8,30.4,19.6,81.0,0.0
41,2025-02-10,2025,2,10,25.8,29.9,23.1,83.0,0.2
42,2025-02-11,2025,2,11,26.9,31.9,23.6,82.0,0.1
43,2025-02-12,2025,2,12,27.5,34.3,23.3,77.0,10.3
44,2025-02-13,2025,2,13,26.3,33.6,21.7,83.0,11.3
45,2025-02-14,2025,2,14,24.3,28.2,21.3,86.0,7.8
46,2025-02-15,2025,2,15,25.4,29.1,21.8,83.0,5.2
47,2025-02-16,2025,2,16,26.9,30.8,24.1,85.0,6.8
48,2025-02-17,2025,2,17,28.2,35.5,23.5,81.0,17.4
49,2025-02-18,2025,2,18,24.0,26.8,22.4,92.0,29.4
50,2025-02-19,2025,2,19,24.2,27.6,22.3,90.0,17.18
51,2025-02-20,2025,2,20,24.3,28.7,21.7,89.0,2.2
52,2025-02-21,2025,2,21,25.1,29.2,22.0,82.0,0.5
53,2025-02-22,2025,2,22,24.9,27.6,23.0,80.0,0.9
54,2025-02-23,2025,2,23,25.0,28.1,22.8,80.0,1.4
55,2025-02-24,2025,2,24,25.6,30.0,21.6,81.0,0.6
56,2025-02-25,2025,2,25,26.5,30.0,24.3,84.0,0.4
57,2025-02-26,2025,2,26,26.8,30.5,24.3,84.0,1.9
58,2025-02-27,2025,2,27,26.3,29.6,24.2,85.0,4.67
59,2025-02-28,2025,2,28,26.1,30.5,23.2,81.0,1.04
60,2025-03-01,2025,3,1,26.6,30.5,24.1,81.0,0.7
61,2025-03-02,2025,3,2,26.9,30.8,24.4,80.0,0.3
62,2025-03-03,2025,3,3,26.4,29.5,24.6,80.0,1.4
63,2025-03-04,2025,3,4,26.4,29.7,24.1,78.0,2.3
64,2025-03-05,2025,3,5,26.1,29.6,23.2,78.0,3.9
65,2025-03-06,2025,3,6,25.8,29.7,23.3,81.0,1.0
66,2025-03-07,2025,3,7,25.4,29.3,22.7,80.0,1.9
67,2025-03-08,2025,3,8,26.0,30.4,23.6,81.0,2.4
68,2025-03-09,2025,3,9,25.3,31.7,21.5,84.0,6.4
69,2025-03-10,2025,3,10,23.3,26.9,21.0,80.0,0.0
70,2025-03-11,2025,3,11,22.8,25.5,20.7,82.0,17.6
71,2025-03-12,2025,3,12,23.0,27.1,21.0,95.0,11.7
72,2025-03-13,2025,3,13,22.8,26.7,21.2,92.0,15.9
73,2025-03-14,2025,3,14,22.7,26.3,20.3,81.0,0.0
74,2025-03-15,2025,3,15,22.6,25.2,20.8,74.0,1.1
75,2025-03-16,2025,3,16,22.5,25.9,18.8,76.0,0.0
76,2025-03-17,2025,3,17,23.4,26.7,20.2,79.0,0.8
77,2025-03-18,2025,3,18,24.1,29.0,21.1,82.0,14.4
78,2025-03-19,2025,3,19,22.3,26.6,19.0,82.0,0.1
79,2025-03-20,2025,3,20,21.9,27.1,18.1,76.0,0.4
80,2025-03-21,2025,3,21,22.4,26.9,19.2,74.0,1.2
81,2025-03-22,2025,3,22,22.8,27.4,18.6,79.0,0.1
82,2025-03-23,2025,3,23,24.4,28.4,22.2,87.0,0.3
83,2025-03-24,2025,3,24,24.0,29.0,20.6,90.0,4.7
84,2025-03-25,2025,3,25,23.8,27.3,21.8,92.0,0.4
85,2025-03-26,2025,3,26,23.5,26.4,21.1,82.0,5.9
86,2025-03-27,2025,3,27,23.7,27.3,20.6,85.0,1.5
87,2025-03-28,2025,3,28,24.4,27.8,22.0,88.0,1.3
88,2025-03-29,2025,3,29,24.5,29.2,21.7,87.0,7.37
89,2025-03-30,2025,3,30,24.3,27.3,22.0,86.0,0.54
90,2025-03-31,2025,3,31,24.3,29.3,21.4,84.0,0.09
91,2025-04-01,2025,4,1,24.6,28.7,22.0,83.0,0.7
92,2025-04-02,2025,4,2,25.1,29.2,21.7,84.0,2.9
93,2025-04-03,2025,4,3,23.6,28.1,21.9,93.0,18.8
94,2025-04-04,2025,4,4,21.3,25.2,18.0,84.0,7.6
95,2025-04-05,2025,4,5,18.7,22.2,14.8,70.0,0.2
96,2025-04-06,2025,4,6,20.7,23.9,18.1,72.0,0.7
97,2025-04-07,2025,4,7,21.3,24.1,19.2,84.0,6.6
98,2025-04-08,2025,4,8,20.8,23.4,18.8,93.0,9.0
99,2025-04-09,2025,4,9,22.5,26.7,21.0,89.0,4.8
100,2025-04-10,2025,4,10,21.4,24.2,20.6,91.0,17.5
101,2025-04-11,2025,4,11,21.9,25.0,19.5,83.0,8.3
102,2025-04-12,2025,4,12,21.3,24.9,18.3,85.0,0.4
103,2025-04-13,2025,4,13,20.9,23.6,18.5,92.0,9.2
104,2025-04-14,2025,4,14,21.0,25.0,18.4,80.0,0.0
105,2025-04-15,2025,4,15,20.5,23.1,18.3,75.0,0.0
106,2025-04-16,2025,4,16,21.8,26.2,18.5,81.0,0.3
107,2025-04-17,2025,4,17,21.5,25.2,18.4,84.0,0.1
108,2025-04-18,2025,4,18,22.6,26.3,19.7,86.0,3.1
109,2025-04-19,2025,4,19,21.8,25.8,19.3,89.0,2.7
110,2025-04-20,2025,4,20,19.9,22.7,18.0,79.0,0.0
111,2025-04-21,2025,4,21,19.0,21.3,17.8,74.0,0.0
112,2025-04-22,2025,4,22,19.0,23.2,14.9,77.0,0.0
113,2025-04-23,2025,4,23,19.5,24.2,15.9,81.0,0.1
114,2025-04-24,2025,4,24,20.3,24.3,18.1,86.0,0.0
115,2025-04-25,2025,4,25,20.7,24.6,17.7,80.0,0.0
116,2025-04-26,2025,4,26,20.9,25.8,17.1,84.0,1.1
117,2025-04-27,2025,4,27,21.7,26.7,18.9,86.0,0.9
118,2025-04-28,2025,4,28,20.3,23.1,17.9,86.0,8.9
119,2025-04-29,2025,4,29,19.0,23.0,16.1,72.0,0.07
120,2025-04-30,2025,4,30,17.6,22.6,14.3,73.0,0.02
121,2025-05-01,2025,5,1,18.3,23.1,13.9,76.0,0.0
122,2025-05-02,2025,5,2,19.0,23.4,15.0,77.0,0.0
123,2025-05-03,2025,5,3,20.9,24.7,18.1,85.0,0.0
124,2025-05-04,2025,5,4,20.9,24.6,18.6,85.0,0.1
125,2025-05-05,2025,5,5,21.1,24.4,18.6,85.0,0.6
126,2025-05-06,2025,5,6,21.3,25.3,19.2,85.0,1.4
127,2025-05-07,2025,5,7,21.4,24.7,19.1,87.0,0.8
128,2025-05-08,2025,5,8,21.5,25.9,18.5,88.0,0.0
129,2025-05-09,2025,5,9,23.5,30.0,19.0,81.0,1.2
130,2025-05-10,2025,5,10,20.5,23.8,18.4,82.0,6.0
131,2025-05-11,2025,5,11,18.9,22.7,16.0,71.0,0.0
132,2025-05-12,2025,5,12,18.4,22.1,15.9,82.0,1.2
133,2025-05-13,2025,5,13,19.4,22.7,16.1,85.0,3.2
134,2025-05-14,2025,5,14,20.0,23.4,17.7,82.0,1.0
135,2025-05-15,2025,5,15,20.2,23.7,17.9,85.0,0.7
136,2025-05-16,2025,5,16,20.3,23.7,17.9,86.0,0.2
137,2025-05-17,2025,5,17,21.0,24.0,19.3,87.0,0.0
138,2025-05-18,2025,5,18,20.7,25.3,17.8,88.0,0.0
139,2025-05-19,2025,5,19,20.6,24.1,18.1,88.0,4.1
140,2025-05-20,2025,5,20,21.2,26.5,18.2,86.0,5.4
141,2025-05-21,2025,5,21,19.0,20.3,16.1,94.0,1.9
142,2025-05-22,2025,5,22,16.2,17.6,15.5,92.0,9.4
143,2025-05-23,2025,5,23,16.7,18.2,15.6,94.0,1.2
144,2025-05-24,2025,5,24,17.8,18.9,16.6,94.0,9.1
145,2025-05-25,2025,5,25,19.9,21.9,19.0,91.0,5.0
146,2025-05-26,2025,5,26,20.3,23.3,18.3,89.0,0.31
147,2025-05-27,2025,5,27,20.4,23.7,18.4,91.0,0.1
148,2025-05-28,2025,5,28,18.4,20.1,14.8,90.0,2.79
149,2025-05-29,2025,5,29,13.9,18.2,10.2,60.0,0.0
150,2025-05-30,2025,5,30,12.4,17.1,8.9,71.0,0.0
151,2025-05-31,2025,5,31,15.2,20.5,11.2,80.0,0.0
152,2025-06-01,2025,6,1,16.1,20.3,12.4,81.0,0.06
153,2025-06-02,2025,6,2,17.3,19.5,15.5,79.0,1.82
154,2025-06-03,2025,6,3,17.6,20.9,16.2,91.0,2.72
155,2025-06-04,2025,6,4,19.7,25.6,15.6,82.0,0.0
156,2025-06-05,2025,6,5,18.7,19.1,18.3,95.0,18.26
157,2025-06-06,2025,6,6,17.9,18.7,17.0,90.0,2.92
158,2025-06-07,2025,6,7,16.5,17.0,16.0,94.0,11.11
159,2025-06-08,2025,6,8,17.0,18.2,16.1,90.0,1.3
160,2025-06-09,2025,6,9,15.6,17.5,14.5,83.0,1.17
161,2025-06-10,2025,6,10,15.3,18.6,12.9,82.0,0.31
162,2025-06-11,2025,6,11,14.6,17.9,10.8,75.0,0.41
163,2025-06-12,2025,6,12,13.6,17.5,9.7,78.0,2.39
164,2025-06-13,2025,6,13,17.1,20.3,14.4,72.0,0.91
165,2025-06-14,2025,6,14,18.1,20.4,16.5,83.0,1.35
166,2025-06-15,2025,6,15,17.0,19.1,15.9,93.0,12.18
167,2025-06-16,2025,6,16,16.4,20.9,13.0,85.0,0.0
168,2025-06-17,2025,6,17,18.4,23.5,15.2,89.0,0.0
169,2025-06-18,2025,6,18,19.7,24.1,17.0,86.0,0.06
170,2025-06-19,2025,6,19,19.4,22.1,17.4,90.0,0.34
171,2025-06-20,2025,6,20,19.1,21.1,18.1,93.0,1.64
172,2025-06-21,2025,6,21,17.3,21.9,14.1,80.0,0.04
173,2025-06-22,2025,6,22,17.8,21.2,15.9,91.0,5.55
174,2025-06-23,2025,6,23,15.6,19.5,11.4,92.0,7.01
175,2025-06-24,2025,6,24,9.4,14.3,6.4,56.0,0.02
176,2025-06-25,2025,6,25,10.8,16.6,5.1,68.0,0.0
177,2025-06-26,2025,6,26,12.6,14.0,10.5,95.0,44.87
178,2025-06-27,2025,6,27,14.5,15.7,13.0,92.0,0.58
179,2025-06-28,2025,6,28,14.7,16.5,13.4,95.0,4.37
180,2025-06-29,2025,6,29,17.3,21.2,14.8,87.0,0.21
181,2025-06-30,2025,6,30,13.5,16.6,12.3,94.0,23.66
182,2025-07-01,2025,7,1,10.7,12.2,9.7,92.0,10.32
183,2025-07-02,2025,7,2,10.0,10.6,9.2,75.0,0.4
184,2025-07-03,2025,7,3,12.5,16.3,8.6,76.0,0.39
185,2025-07-04,2025,7,4,13.7,16.8,10.1,85.0,0.12
186,2025-07-05,2025,7,5,15.3,19.8,12.8,84.0,0.04
187,2025-07-06,2025,7,6,14.2,17.9,11.8,84.0,0.03
188,2025-07-07,2025,7,7,14.3,19.0,10.9,83.0,0.0
189,2025-07-08,2025,7,8,14.5,20.5,10.3,81.0,0.0
190,2025-07-09,2025,7,9,15.3,19.2,12.3,83.0,0.09
191,2025-07-10,2025,7,10,14.4,18.9,11.2,85.0,0.0
192,2025-07-11,2025,7,11,15.6,20.8,12.1,86.0,0.0
193,2025-07-12,2025,7,12,16.6,19.5,13.7,88.0,0.07
194,2025-07-13,2025,7,13,17.4,20.5,15.3,90.0,0.35
195,2025-07-14,2025,7,14,16.6,20.9,13.8,89.0,0.0
196,2025-07-15,2025,7,15,16.5,21.1,13.8,89.0,0.01
197,2025-07-16,2025,7,16,16.1,21.1,13.1,86.0,0.0
198,2025-07-17,2025,7,17,17.1,22.4,13.5,83.0,0.46
199,2025-07-18,2025,7,18,15.1,19.1,11.1,73.0,0.01
200,2025-07-19,2025,7,19,14.3,19.6,10.8,80.0,0.0
201,2025-07-20,2025,7,20,14.6,19.9,11.5,85.0,0.05
202,2025-07-21,2025,7,21,15.2,20.1,11.8,87.0,0.0
203,2025-07-22,2025,7,22,16.4,22.2,12.7,85.0,0.0
204,2025-07-23,2025,7,23,16.3,20.3,13.7,82.0,0.18
205,2025-07-24,2025,7,24,13.5,14.0,12.6,92.0,30.41
206,2025-07-25,2025,7,25,15.9,18.3,13.5,94.0,7.71
207,2025-07-26,2025,7,26,17.5,23.2,14.2,88.0,0.01
208,2025-07-27,2025,7,27,17.7,22.0,15.0,91.0,1.57
209,2025-07-28,2025,7,28,17.6,22.9,13.3,74.0,2.06
210,2025-07-29,2025,7,29,13.4,18.7,9.8,63.0,0.0
211,2025-07-30,2025,7,30,11.6,16.2,7.8,71.0,0.0
212,2025-07-31,2025,7,31,12.9,17.4,8.7,82.0,0.0
213,2025-08-01,2025,8,1,15.8,19.9,11.9,87.0,0.1
214,2025-08-02,2025,8,2,17.2,21.6,15.2,87.0,0.0
215,2025-08-03,2025,8,3,17.9,23.5,14.5,85.0,0.3
216,2025-08-04,2025,8,4,17.7,21.1,15.5,90.0,0.0
217,2025-08-05,2025,8,5,15.3,16.1,14.7,92.0,6.8
218,2025-08-06,2025,8,6,15.2,16.4,14.3,90.0,0.8
219,2025-08-07,2025,8,7,16.3,19.8,14.1,89.0,0.2
220,2025-08-08,2025,8,8,14.8,16.5,12.5,93.0,5.3
221,2025-08-09,2025,8,9,12.6,17.7,8.6,69.0,0.2
222,2025-08-10,2025,8,10,11.9,17.1,7.8,75.0,0.0
223,2025-08-11,2025,8,11,12.8,17.9,9.2,81.0,0.0
224,2025-08-12,2025,8,12,13.2,18.8,9.6,81.0,0.0
225,2025-08-13,2025,8,13,14.5,21.5,10.0,81.0,0.0
226,2025-08-14,2025,8,14,14.3,18.3,10.6,80.0,0.0
227,2025-08-15,2025,8,15,14.7,16.5,13.6,79.0,0.4
228,2025-08-16,2025,8,16,16.1,18.6,14.5,84.0,0.3
229,2025-08-17,2025,8,17,17.4,21.9,14.5,87.0,0.1
230,2025-08-18,2025,8,18,17.1,18.5,16.4,94.0,2.0
231,2025-08-19,2025,8,19,17.5,19.9,15.9,88.0,1.4
232,2025-08-20,2025,8,20,17.9,22.1,16.0,93.0,0.9
233,2025-08-21,2025,8,21,18.0,22.6,14.7,84.0,0.0
234,2025-08-22,2025,8,22,18.6,23.8,16.0,86.0,0.0
235,2025-08-23,2025,8,23,19.8,28.7,15.1,80.0,0.0
236,2025-08-24,2025,8,24,14.3,15.8,13.0,77.0,0.0
237,2025-08-25,2025,8,25,15.4,18.8,13.5,82.0,0.2
238,2025-08-26,2025,8,26,14.2,15.5,13.1,94.0,18.0
239,2025-08-27,2025,8,27,15.1,16.5,13.3,93.0,8.8
240,2025-08-28,2025,8,28,17.1,19.3,15.6,94.0,2.1
241,2025-08-29,2025,8,29,18.0,22.2,15.3,86.0,0.1
242,2025-08-30,2025,8,30,18.4,21.6,15.9,89.0,0.7
243,2025-08-31,2025,8,31,19.0,22.0,17.0,90.0,2.5
244,2025-09-01,2025,9,1,19.0,20.8,17.9,94.0,7.3
245,2025-09-02,2025,9,2,18.6,19.8,17.9,96.0,4.1
246,2025-09-03,2025,9,3,18.9,22.0,17.4,92.0,0.8
247,2025-09-04,2025,9,4,19.1,24.5,16.4,89.0,0.1
248,2025-09-05,2025,9,5,16.8,19.0,14.2,86.0,1.1
249,2025-09-06,2025,9,6,12.7,13.5,12.2,91.0,4.2
250,2025-09-07,2025,9,7,13.8,15.4,11.9,87.0,1.2
251,2025-09-08,2025,9,8,16.7,18.5,13.8,96.0,1.7
252,2025-09-09,2025,9,9,18.7,24.6,16.3,88.0,3.5
253,2025-09-10,2025,9,10,16.8,21.5,13.9,85.0,0.0
254,2025-09-11,2025,9,11,17.2,23.4,13.2,84.0,0.0
255,2025-09-12,2025,9,12,15.8,19.0,12.4,79.0,0.1
256,2025-09-13,2025,9,13,15.0,19.1,11.0,76.0,0.0
257,2025-09-14,2025,9,14,16.7,20.8,13.0,78.0,0.0
258,2025-09-15,2025,9,15,17.9,21.1,15.4,83.0,1.2
259,2025-09-16,2025,9,16,18.8,24.0,15.8,88.0,0.4
260,2025-09-17,2025,9,17,18.8,22.6,17.0,88.0,0.0
261,2025-09-18,2025,9,18,19.6,23.9,17.0,81.0,0.0
262,2025-09-19,2025,9,19,19.9,24.2,17.2,85.0,0.1
263,2025-09-20,2025,9,20,20.6,27.4,16.4,84.0,0.0
264,2025-09-21,2025,9,21,20.5,25.8,17.5,90.0,27.2
265,2025-09-22,2025,9,22,18.3,21.3,14.3,93.0,10.1
266,2025-09-23,2025,9,23,16.3,23.2,11.4,69.0,0.0
267,2025-09-24,2025,9,24,17.1,20.5,13.7,74.0,1.0
268,2025-09-25,2025,9,25,16.3,18.2,15.1,71.0,1.1
269,2025-09-26,2025,9,26,16.7,19.6,14.6,64.0,0.4
270,2025-09-27,2025,9,27,17.5,20.2,15.2,73.0,0.3
271,2025-09-28,2025,9,28,17.2,18.7,15.6,89.0,1.6
272,2025-09-29,2025,9,29,19.2,23.6,16.2,84.0,0.0
273,2025-09-30,2025,9,30,19.2,21.1,17.1,89.0,1.0
274,2025-10-01,2025,10,1,19.2,20.6,18.6,96.0,6.0
275,2025-10-02,2025,10,2,19.7,22.6,18.4,91.0,9.9
276,2025-10-03,2025,10,3,19.5,20.6,18.6,95.0,9.1
277,2025-10-04,2025,10,4,20.4,22.4,19.3,94.0,1.6
278,2025-10-05,2025,10,5,21.2,26.2,19.1,89.0,0.1
279,2025-10-06,2025,10,6,21.0,27.6,16.5,84.0,0.4
280,2025-10-07,2025,10,7,15.3,17.2,14.4,90.0,8.5
281,2025-10-08,2025,10,8,15.1,17.4,13.4,88.0,11.2
282,2025-10-09,2025,10,9,17.5,20.1,15.8,82.0,10.6
283,2025-10-10,2025,10,10,17.7,18.4,16.7,93.0,6.7
284,2025-10-11,2025,10,11,18.9,20.9,17.1,95.0,7.9
285,2025-10-12,2025,10,12,20.3,22.9,19.1,94.0,20.5
286,2025-10-13,2025,10,13,21.3,27.3,16.7,82.0,0.4
287,2025-10-14,2025,10,14,18.9,24.0,15.3,78.0,0.0
288,2025-10-15,2025,10,15,18.7,22.4,15.9,77.0,0.0
289,2025-10-16,2025,10,16,18.8,22.9,14.8,84.0,0.0
290,2025-10-17,2025,10,17,20.4,24.0,17.9,90.0,10.8
291,2025-10-18,2025,10,18,20.0,22.7,16.4,89.0,5.3
292,2025-10-19,2025,10,19,16.8,20.4,13.1,69.0,1.2
293,2025-10-20,2025,10,20,16.3,19.5,13.6,70.0,1.5
294,2025-10-21,2025,10,21,17.8,20.8,15.8,66.0,0.3
295,2025-10-22,2025,10,22,18.9,21.9,16.2,75.0,1.8
296,2025-10-23,2025,10,23,18.7,22.5,15.9,81.0,2.5
297,2025-10-24,2025,10,24,19.2,22.5,16.1,82.0,2.1
298,2025-10-25,2025,10,25,20.1,22.8,18.3,86.0,1.5
299,2025-10-26,2025,10,26,19.0,20.5,17.7,94.0,4.5
300,2025-10-27,2025,10,27,18.9,20.0,17.7,95.0,21.3
301,2025-10-28,2025,10,28,17.1,18.0,15.3,87.0,20.6
302,2025-10-29,2025,10,29,17.3,17.6,16.9,92.0,9.8
303,2025-10-30,2025,10,30,16.9,17.9,16.2,89.0,4.0
304,2025-10-31,2025,10,31,18.1,20.3,16.8,93.0,8.4
305,2025-11-01,2025,11,1,20.8,24.6,18.2,86.0,1.6
306,2025-11-02,2025,11,2,20.4,23.8,18.6,91.0,11.0
307,2025-11-03,2025,11,3,21.0,23.2,19.4,91.0,5.2
308,2025-11-04,2025,11,4,21.6,25.2,19.7,89.0,0.6
309,2025-11-05,2025,11,5,22.9,30.3,18.6,81.0,0.4
310,2025-11-06,2025,11,6,19.1,20.5,18.0,72.0,0.1
311,2025-11-07,2025,11,7,17.7,18.5,17.1,88.0,65.9
312,2025-11-08,2025,11,8,20.0,26.6,16.7,83.0,5.0
313,2025-11-09,2025,11,9,18.5,21.9,16.2,71.0,0.6
314,2025-11-10,2025,11,10,18.7,23.1,14.8,72.0,0.0
315,2025-11-11,2025,11,11,18.8,22.5,14.7,75.0,0.0
316,2025-11-12,2025,11,12,19.8,24.3,16.4,81.0,1.5
317,2025-11-13,2025,11,13,19.5,20.5,18.4,95.0,3.5
318,2025-11-14,2025,11,14,20.8,23.1,18.5,88.0,1.3
319,2025-11-15,2025,11,15,21.5,24.5,18.8,84.0,0.0
320,2025-11-16,2025,11,16,21.9,25.2,19.5,88.0,0.3
321,2025-11-17,2025,11,17,20.5,24.0,18.2,92.0,14.8
322,2025-11-18,2025,11,18,17.6,18.2,17.1,95.0,27.1
323,2025-11-19,2025,11,19,20.4,27.3,15.5,74.0,0.0
324,2025-11-20,2025,11,20,19.6,22.9,16.5,66.0,0.0
325,2025-11-21,2025,11,21,20.0,24.5,15.9,78.0,0.0
326,2025-11-22,2025,11,22,20.0,22.9,17.8,83.0,1.5
327,2025-11-23,2025,11,23,17.6,18.4,16.9,92.0,9.5
328,2025-11-24,2025,11,24,17.7,19.2,16.5,93.0,17.6
329,2025-11-25,2025,11,25,19.8,23.3,16.5,83.0,2.0
330,2025-11-26,2025,11,26,20.5,24.3,18.7,79.0,1.8
331,2025-11-27,2025,11,27,19.6,22.6,16.8,76.0,1.1
332,2025-11-28,2025,11,28,20.8,27.3,18.2,79.0,8.6
333,2025-11-29,2025,11,29,22.3,28.8,18.1,82.0,0.0
334,2025-11-30,2025,11,30,21.4,25.5,18.2,81.0,0.4
335,2025-12-01,2025,12,1,20.8,23.7,18.7,90.0,2.6
336,2025-12-02,2025,12,2,22.0,28.2,19.4,90.0,8.1
337,2025-12-03,2025,12,3,22.2,26.0,19.3,83.0,0.8
338,2025-12-04,2025,12,4,21.4,26.1,17.4,77.0,0.6
339,2025-12-05,2025,12,5,21.4,25.5,18.0,72.0,0.4
340,2025-12-06,2025,12,6,22.5,27.0,18.9,77.0,0.2
341,2025-12-07,2025,12,7,23.8,29.0,20.9,80.0,0.3
342,2025-12-08,2025,12,8,23.4,27.3,19.9,82.0,1.0
343,2025-12-09,2025,12,9,22.2,23.5,21.5,96.0,36.4
344,2025-12-10,2025,12,10,24.0,28.9,20.0,66.0,0.1
345,2025-12-11,2025,12,11,23.8,31.4,19.6,62.0,0.0
346,2025-12-12,2025,12,12,23.0,28.4,18.4,76.0,0.1
347,2025-12-13,2025,12,13,21.5,25.6,19.6,91.0,1.7
348,2025-12-14,2025,12,14,24.2,27.4,22.1,86.0,1.2
349,2025-12-15,2025,12,15,24.8,30.4,20.8,85.0,16.2
350,2025-12-16,2025,12,16,23.4,27.4,19.5,82.0,1.1
351,2025-12-17,2025,12,17,20.9,24.2,17.0,68.0,0.0
352,2025-12-18,2025,12,18,21.6,25.7,17.8,65.0,0.0
353,2025-12-19,2025,12,19,23.4,27.7,20.3,72.0,0.5
354,2025-12-20,2025,12,20,23.8,27.0,20.8,77.0,2.2
355,2025-12-21,2025,12,21,24.1,27.7,21.5,85.0,2.2
356,2025-12-22,2025,12,22,24.8,28.9,22.2,86.0,0.8
357,2025-12-23,2025,12,23,25.5,30.4,22.8,84.0,0.0
358,2025-12-24,2025,12,24,25.5,30.4,22.3,82.0,0.2
359,2025-12-25,2025,12,25,25.7,33.1,22.4,83.0,4.1
360,2025-12-26,2025,12,26,25.3,31.2,22.2,81.0,1.4
361,2025-12-27,2025,12,27,25.9,32.0,22.6,85.0,5.6
362,2025-12-28,2025,12,28,26.6,33.4,23.1,82.0,0.1
363,2025-12-29,2025,12,29,25.6,31.2,23.1,87.0,16.5
364,2025-12-30,2025,12,30,23.5,27.0,21.8,90.0,4.4
365,2025-12-31,2025,12,31,24.9,30.4,22.6,88.0,7.2
